{
  "name": "TokenPay 支付插件",
  "slug": "tokenpay-payment",
  "version": "1.0.0",
  "description": "支持 USDT (TRC20) 和 TRX 的加密货币支付插件",
  "author": "独角卡数",
  "author_url": "https://github.com/assimon/dujiaoka",
  "requires": "1.0.0",
  "type": "payment",
  "icon": "cryptocurrency",
  "is_free": true,
  "settings": {
    "merchant_pem": {
      "label": "TokenPay API 地址",
      "type": "text",
      "default": "https://your-tokenpay-api.com",
      "required": true,
      "description": "TokenPay 服务器地址"
    },
    "merchant_id": {
      "label": "支持的币种",
      "type": "select",
      "options": {
        "USDT_TRC20": "USDT (TRC20)",
        "TRX": "TRX"
      },
      "default": "USDT_TRC20",
      "required": true,
      "description": "选择支持的加密货币"
    },
    "merchant_key": {
      "label": "API 密钥",
      "type": "password",
      "required": true,
      "description": "TokenPay API 密钥"
    }
  }
}
